<?xml version="1.0" encoding="UTF-8"?>
<!DOCTYPE codetemplates PUBLIC "-//NetBeans//DTD Editor Code Templates settings 1.0//EN" "http://www.netbeans.org/dtds/EditorCodeTemplates-1_0.dtd">
<codetemplates>
    <codetemplate abbreviation="con" xml:space="preserve">
        <code><![CDATA[<?php include 'connection.php'; ?>]]></code>
    </codetemplate>
    <codetemplate abbreviation="calandarscript" xml:space="preserve">
        <code><![CDATA[<?php include 'connection.php'; ?>]]></code>
    </codetemplate>
    <codetemplate abbreviation="tr" xml:space="preserve">
        <code><![CDATA[<tr><td></td><td></td><td></td><td></td></tr>]]></code>
    </codetemplate>
    <codetemplate abbreviation="location" xml:space="preserve">
        <code><![CDATA[window.location = "samepage.php";]]></code>
    </codetemplate>
    <codetemplate abbreviation="div" xml:space="preserve">
        <code><![CDATA[<div>]]></code>
    </codetemplate>
    <codetemplate abbreviation="img" xml:space="preserve">
        <code><![CDATA[<img src="${cursor}" alt="" height="42" width="42">]]></code>
    </codetemplate>
    <codetemplate abbreviation="padding" xml:space="preserve">
        <code><![CDATA[padding: 15px;]]></code>
    </codetemplate>
    <codetemplate abbreviation="br" xml:space="preserve">
        <code><![CDATA[<br>]]></code>
    </codetemplate>
    <codetemplate abbreviation="echo" xml:space="preserve">
        <code><![CDATA[<?php
echo ;

?>]]></code>
    </codetemplate>
    <codetemplate abbreviation="php" xml:space="preserve">
        <code><![CDATA[<?php  ${cursor}  ?>]]></code>
    </codetemplate>
    <codetemplate abbreviation="isset" xml:space="preserve">
        <code><![CDATA[if(isset($_POST['note']))]]></code>
    </codetemplate>
    <codetemplate abbreviation="phpcalendar" xml:space="preserve">
        <code><![CDATA[
<?php
$jd=gregoriantojd(1,13,1998);
//echo jdmonthname($jd,0);




$i=1;
$j=1;
$dd=date('d');
$mm=date('m');
$yy=date('Y');

if(isset($_GET['m']))
$mm=$_GET['m'];

if(isset($_GET['y']))
$yy=$_GET['y'];


$pm=$mm-1;
if($pm==0)
$pm=12;
$py=$yy;
if($pm==12)
$py=$yy-1;

$nm=$mm+1;
if($nm==13)
$nm=1;
$ny=$yy;
if($nm==1)
$ny=$yy+1;





$jd=gregoriantojd($mm,1,$yy);
if( jddayofweek ($jd,1)=='Saturday')
{
$start=7;
}
else if( jddayofweek ($jd,1)=='Sunday')
{
$start=1;
}
else if( jddayofweek ($jd,1)=='Monday')
{
$start=2;
}
else if( jddayofweek ($jd,1)=='Tuesday')
{
$start=3;
}
else if( jddayofweek ($jd,1)=='Wednesday')
{
$start=4;
}
else if( jddayofweek ($jd,1)=='Thursday')
{
$start=5;
}
else if( jddayofweek ($jd,1)=='Friday')
{
$start=6;
}






 $d=cal_days_in_month(CAL_GREGORIAN,$mm,$yy);
//echo "There was $d days in October 2005";
?>

<div class="text-center">
<div style="font-size:30px;">Calendar</div><a href="calendar.php?m=<?php echo $pm?>&y=<?php echo $py?>" ><span class="glyphicon glyphicon-chevron-left"></span></a> &nbsp;&nbsp;
<span><?php $jd=gregoriantojd($mm,$dd,$yy);
echo jdmonthname($jd,0);?></span>&nbsp;&nbsp;
<span><?php echo $yy?></span>&nbsp;&nbsp;
<a href="calendar.php?m=<?php echo $nm?>&y=<?php echo $ny?>" ><span class="glyphicon glyphicon-chevron-right"></span></a>
</div>

   
 
  
  <br>
<table class="table table-bordered table-responsive table-hover">
  <tr class="cal_width">
    <th>Sunday</th>
    <th>Monday</th>
    <th>Tuesday</th>
    <th>Wednesday</th>
    <th>Thursday</th>
    <th>Friday</th>
    <th>Saturday</th>
  </tr>
  
   <tr class="cal_style">
 <?php while($i<$start)
{ echo'<td>&nbsp;</td>';
 $i++;
}
?>
    <?php while($j<=$d)
	{
   ?><td ><div class="col-sm-7" onClick="cal_add('this.id');" style="font-size:20px;"><?php echo $j; ?> </div>  
   <div class="eventscal col-md-12">
   <span id="1" style="color:red" onClick="cal_view('this.id');">haihigh..</span><br>
    <span id="1" style="color:blue" onClick="cal_view('this.id');">haid fgf..</span><br>
	 <span id="1" style="color:green" onClick="cal_view('this.id');">hai..</span><br>
	 
	</div> 
   
  
   </td><?php 
   if(($i%7)==0) 
    echo'</tr><tr class="cal_style">';
	$i++;
	$j++;
   }
 ?>
  <?php
  
   $k=$start+$d-1;
 
  if(($k%7)!=0)
  { $b=7-($k%7);
  
  while($b>0)
{ echo'<td></td>';
 $b--;
}
  }
?>
 
 </tr>
</table>




					]]></code>
    </codetemplate>
    <codetemplate abbreviation="margin" xml:space="preserve">
        <code><![CDATA[ margin-top: 10%;]]></code>
    </codetemplate>
    <codetemplate abbreviation="fblike" xml:space="preserve">
        <code><![CDATA[<div id="fb-root"></div>
<script>(function(d, s, id) {
  var js, fjs = d.getElementsByTagName(s)[0];
  if (d.getElementById(id)) return;
  js = d.createElement(s); js.id = id;
  js.src = "//connect.facebook.net/en_US/sdk.js#xfbml=1&version=v2.0";
  fjs.parentNode.insertBefore(js, fjs);
}(document, 'script', 'facebook-jssdk'));</script>









<div class="fb-like-box" data-href="https://www.facebook.com/FacebookDevelopers" data-colorscheme="light" data-show-faces="true" data-header="true" data-stream="false" data-show-border="true"></div>







]]></code>
    </codetemplate>
    <codetemplate abbreviation="border" xml:space="preserve">
        <code><![CDATA[border-style: solid;]]></code>
    </codetemplate>
    <codetemplate abbreviation="modal" xml:space="preserve">
        <code><![CDATA[<div class="modal fade" id="myModal" tabindex="-1" role="dialog" aria-labelledby="myModalLabel" aria-hidden="true">
    <div class="modal-dialog">
        <form action="enquiry2.php" method="post" enctype="multipart/form-data">
            <div class="modal-content">
                <div class="modal-header">
                    <button type="button" class="close" data-dismiss="modal" aria-label="Close"><span aria-hidden="true">&times;</span></button>
                    <h4 class="modal-title" id="myModalLabel">Please fill the form</h4>
                    <br>
                    <br>
                </div>
                <div class="modal-body large">


                    <input name="name" type="text" class="bottom_txt" placeholder="Your Name" required>
                    <br>
                    <br>
                    <br>
                    <input name="phone" type="text" class="bottom_txt" placeholder="Phone Number" required>
                    <br>
                    <br>
                    <br>
                    <input name="email" type="text" class="bottom_txt" placeholder="email" required>
                    <br>
                    <br>
                    <br>

                    <textarea name="desc" style="width: 100%;">Description
                    </textarea>

                    <br>
                    <br>

                    <input name="filej" type="file" class="bottom_txt">
                    <br>

                </div>
                <div class="modal-footer">
                    <input class="btn btn-primary btn-sm pull-right" value="Submit" type="submit" >


                </div>
            </div>
        </form>
    </div>
</div>]]></code>
    </codetemplate>
    <codetemplate abbreviation="href" xml:space="preserve">
        <code><![CDATA[<a href="">hi</a>]]></code>
    </codetemplate>
    <codetemplate abbreviation="option" xml:space="preserve">
        <code><![CDATA[<option value="${cursor}">${cursor}</option>]]></code>
    </codetemplate>
    <codetemplate abbreviation="printf" xml:space="preserve">
        <code><![CDATA[<style type="text/css">



    @media print
    {
    	#non-printable { display: none; }
    	#printable { display: block; }
    }
    </style>

<div id="non-printable">
    	Your normal page contents
    </div>

]]></code>
    </codetemplate>
    <codetemplate abbreviation="mail" xml:space="preserve">
        <code><![CDATA[<?php
$to = "somebody@example.com";
$subject = "My subject";
$txt = "Hello world!";
$headers = "From: webmaster@example.com" . "\r\n" .
"CC: somebodyelse@example.com";

mail($to,$subject,$txt,$headers);
?>]]></code>
    </codetemplate>
    <codetemplate abbreviation="paginationul" xml:space="preserve">
        <code><![CDATA[<ul class="pagination">
  <li><a href="#">1</a></li>
  <li><a href="#">2</a></li>
  <li><a href="#">3</a></li>
  <li><a href="#">4</a></li>
  <li><a href="#">5</a></li>
</ul>]]></code>
    </codetemplate>
    <codetemplate abbreviation="datalist" xml:space="preserve">
        <code><![CDATA[<form action="action_page.php">

<input list="browsers" name="browser">
<datalist id="browsers">
  <option value="Internet Explorer">
  <option value="Firefox">
  <option value="Chrome">
  <option value="Opera">
  <option value="Safari">
</datalist>
<input type="submit">
</form>]]></code>
    </codetemplate>
    <codetemplate abbreviation="form" xml:space="preserve">
        <code><![CDATA[<form action="${action}" enctype="multipart/form-data" >${cursor}
<input type="text" name="" id="" placeholder="">
<input type="submit" value="Submit">

</form>]]></code>
    </codetemplate>
    <codetemplate abbreviation="select" xml:space="preserve">
        <code><![CDATA[<select name="select">
  <option value="volvo">Volvo</option>
</select>]]></code>
    </codetemplate>
    <codetemplate abbreviation="table" xml:space="preserve">
        <code><![CDATA[<?php
include 'santo/functions.php'; ?>]]></code>
    </codetemplate>
    <codetemplate abbreviation="fun" xml:space="preserve">
        <code><![CDATA[<?php
include 'santo/functions.php'; ?>]]></code>
    </codetemplate>
    <codetemplate abbreviation="script" xml:space="preserve">
        <code><![CDATA[<script>



</script>]]></code>
    </codetemplate>
    <codetemplate abbreviation="print" xml:space="preserve">
        <code><![CDATA[<form>
<input type="button" value="Print this page" onClick="window.print()">
</form>]]></code>
    </codetemplate>
    <codetemplate abbreviation="oz" xml:space="preserve">
        <code><![CDATA[<?php ob_start("ob_gzhandler"); ?>]]></code>
    </codetemplate>
    <codetemplate abbreviation="selectreload" xml:space="preserve">
        <code><![CDATA[window.location = "samepage.php?update=tv_taken&update_id=" + $(this).val();]]></code>
    </codetemplate>
    <codetemplate abbreviation="textbox" xml:space="preserve">
        <code><![CDATA[<input type="text" name="" id="" placeholder="">]]></code>
    </codetemplate>
    <codetemplate abbreviation="modallink" xml:space="preserve">
        <code><![CDATA[ data-toggle = "modal" data-target = "#myModal"]]></code>
    </codetemplate>
    <codetemplate abbreviation="fbcomment" xml:space="preserve">
        <code><![CDATA[<div id="fb-root"></div>
<script>(function(d, s, id) {
  var js, fjs = d.getElementsByTagName(s)[0];
  if (d.getElementById(id)) return;
  js = d.createElement(s); js.id = id;
  js.src = "//connect.facebook.net/en_US/sdk.js#xfbml=1&version=v2.0";
  fjs.parentNode.insertBefore(js, fjs);
}(document, 'script', 'facebook-jssdk'));</script>








<div class="fb-comments" data-href="http://developers.facebook.com/docs/plugins/comments/" data-numposts="5" data-colorscheme="light"></div>]]></code>
    </codetemplate>
    <codetemplate abbreviation="hidden" xml:space="preserve">
        <code><![CDATA[<input type="hidden" name="" id="" value="">]]></code>
    </codetemplate>
    <codetemplate abbreviation="textarea" xml:space="preserve">
        <code><![CDATA[<textarea rows="4" cols="50" name="" id=""> </textarea>]]></code>
    </codetemplate>
    <codetemplate abbreviation="checkbox" xml:space="preserve">
        <code><![CDATA[<input type="checkbox" name="vehicle" value="Bike">I have a bike<br>]]></code>
    </codetemplate>
    <codetemplate abbreviation="radio" xml:space="preserve">
        <code><![CDATA[<input type="radio" name="sex" value="male">Male<br>
<input type="radio" name="sex" value="female">Female]]></code>
    </codetemplate>
    <codetemplate abbreviation="fbshare" xml:space="preserve">
        <code><![CDATA[<div id="fb-root"></div>
<script>(function(d, s, id) {
  var js, fjs = d.getElementsByTagName(s)[0];
  if (d.getElementById(id)) return;
  js = d.createElement(s); js.id = id;
  js.src = "//connect.facebook.net/en_US/sdk.js#xfbml=1&version=v2.0";
  fjs.parentNode.insertBefore(js, fjs);
}(document, 'script', 'facebook-jssdk'));</script>










<div class="fb-share-button" data-href="https://developers.facebook.com/docs/plugins/" data-layout="box_count"></div>
]]></code>
    </codetemplate>
    <codetemplate abbreviation="span" xml:space="preserve">
        <code><![CDATA[<span>]]></code>
    </codetemplate>
</codetemplates>
