<?xml version="1.0" encoding="UTF-8"?>
<!DOCTYPE codetemplates PUBLIC "-//NetBeans//DTD Editor Code Templates settings 1.0//EN" "http://www.netbeans.org/dtds/EditorCodeTemplates-1_0.dtd">
<codetemplates>
    <codetemplate abbreviation="con" xml:space="preserve">
        <code><![CDATA[include 'connection.php';]]></code>
    </codetemplate>
    <codetemplate abbreviation="select" xml:space="preserve">
        <code><![CDATA[<select name="select">
  <option value="volvo">Volvo</option>
</select>]]></code>
    </codetemplate>
    <codetemplate abbreviation="textbox" xml:space="preserve">
        <code><![CDATA[<input type="text" name="${first}" id="" placeholder="${second}">]]></code>
    </codetemplate>
    <codetemplate abbreviation="htaccess" xml:space="preserve">
        <code><![CDATA[RewriteEngine On
RewriteRule ^([a-zA-Z0-9/]+)$ index.php?page=$1]]></code>
    </codetemplate>
    <codetemplate abbreviation="mail" xml:space="preserve">
        <code><![CDATA[
$to = "somebody@example.com";
$subject = "My subject";
$txt = "Hello world!";
$headers = "From: webmaster@example.com" . "\r\n" .
"CC: somebodyelse@example.com";

mail($to,$subject,$txt,$headers);
]]></code>
    </codetemplate>
    <codetemplate abbreviation="isset" xml:space="preserve">
        <code><![CDATA[if(isset($_POST['${first}']))]]></code>
    </codetemplate>
    <codetemplate abbreviation="deleteitem" xml:space="preserve">
        <code><![CDATA[$id= $_GET['${first}'];
$query = "delete from ${second} where id = $id";
mysql_query($query);
header('Location: ${third}');
]]></code>
    </codetemplate>
    <codetemplate abbreviation="textarea" xml:space="preserve">
        <code><![CDATA[<textarea rows="4" cols="50" name="${first}" id=""> </textarea>]]></code>
    </codetemplate>
    <codetemplate abbreviation="googlebot" xml:space="preserve">
        <code><![CDATA[if(strstr(strtolower($_SERVER['HTTP_USER_AGENT']), "googlebot"))
{
    // what to do
}]]></code>
    </codetemplate>
    <codetemplate abbreviation="checkday" xml:space="preserve">
        <code><![CDATA[$date = '2012-07-10';
echo date('l', strtotime($date));]]></code>
    </codetemplate>
    <codetemplate abbreviation="editheader" xml:space="preserve">
        <code><![CDATA[                                                               
$id= $_GET['${first}'];
if (isset($_POST['name']))
{
    include 'santo/getpostupdate.php';
     
    if(sqlupdate("medicalshop", $columns, "id=$id"))
        echo '<script> alert("Data Updated succesfully"); </script>';
    header("Refresh: 1; url=home?manageshops");
}

$query = "select * from `medicalshop` where id = $id";
$rows = sqlfetchs($query);
if ($rows != "")
      {
    $array = $rows;
    include 'santo/getarraynames.php';
    
    }



]]></code>
    </codetemplate>
    <codetemplate abbreviation="radio" xml:space="preserve">
        <code><![CDATA[<input type="radio" name="sex" value="male">Male<br>
<input type="radio" name="sex" value="female">Female]]></code>
    </codetemplate>
    <codetemplate abbreviation="div" xml:space="preserve">
        <code><![CDATA[<div>]]></code>
    </codetemplate>
    <codetemplate abbreviation="getarraynames" xml:space="preserve">
        <code><![CDATA[$array=$row;
include 'santo/getarraynames.php';]]></code>
    </codetemplate>
    <codetemplate abbreviation="logout" xml:space="preserve">
        <code><![CDATA[<?php

session_start();
?>
<?php

unset($_SESSION['operator_id']);
session_destroy();
header('location:index.php');
?>]]></code>
    </codetemplate>
    <codetemplate abbreviation="post" xml:space="preserve">
        <code><![CDATA[$_POST['${cursor}']]]></code>
    </codetemplate>
    <codetemplate abbreviation="tab" xml:space="preserve">
        <code><![CDATA[<table>
    <tr>
        <th>${Header}</th>
        <th>${Header2}</th>
    </tr>
    <tr>
        <td>${Cell}</td>
        <td>${Cell}</td>
    </tr>
    <tr>
        <td>${Cell}</td>
        <td>${Cell}</td>
    </tr>
    ${cursor}
</table>]]></code>
    </codetemplate>
    <codetemplate abbreviation="function" xml:space="preserve">
        <code><![CDATA[function ${first} (${second})
{

return();
}]]></code>
    </codetemplate>
    <codetemplate abbreviation="monthname" xml:space="preserve">
        <code><![CDATA[$dateObj   = DateTime::createFromFormat('!m', $monthNum);
$monthName = $dateObj->format('F'); // March]]></code>
    </codetemplate>
    <codetemplate abbreviation="href" xml:space="preserve">
        <code><![CDATA[<a href="">hi</a>]]></code>
    </codetemplate>
    <codetemplate abbreviation="modal" xml:space="preserve">
        <code><![CDATA[<div class="modal fade" id="myModal" tabindex="-1" role="dialog" aria-labelledby="myModalLabel" aria-hidden="true">
    <div class="modal-dialog">
        <form action="enquiry2.php" method="post" enctype="multipart/form-data">
            <div class="modal-content">
                <div class="modal-header">
                    <button type="button" class="close" data-dismiss="modal" aria-label="Close"><span aria-hidden="true">&times;</span></button>
                    <h4 class="modal-title" id="myModalLabel">Please fill the form</h4>
                    <br>
                    <br>
                </div>
                <div class="modal-body large">


                    <input name="name" type="text" class="bottom_txt" placeholder="Your Name" required>
                    <br>
                    <br>
                    <br>
                    <input name="phone" type="text" class="bottom_txt" placeholder="Phone Number" required>
                    <br>
                    <br>
                    <br>
                    <input name="email" type="text" class="bottom_txt" placeholder="email" required>
                    <br>
                    <br>
                    <br>

                    <textarea name="desc" style="width: 100%;">Description
                    </textarea>

                    <br>
                    <br>

                    <input name="filej" type="file" class="bottom_txt">
                    <br>

                </div>
                <div class="modal-footer">
                    <input class="btn btn-primary btn-sm pull-right" value="Submit" type="submit" >


                </div>
            </div>
        </form>
    </div>
</div>]]></code>
    </codetemplate>
    <codetemplate abbreviation="header1" xml:space="preserve">
        <code><![CDATA[header("Refresh: 5; url=index.php");]]></code>
    </codetemplate>
    <codetemplate abbreviation="mq" xml:space="preserve">
        <code><![CDATA[mysql_query($query);]]></code>
    </codetemplate>
    <codetemplate abbreviation="netfoxpass" xml:space="preserve">
        <code><![CDATA[[@(}D#yoHMr@]]></code>
    </codetemplate>
    <codetemplate abbreviation="substr" xml:space="preserve">
        <code><![CDATA[echo substr("Hello world",0,6);]]></code>
    </codetemplate>
    <codetemplate abbreviation="checklogin" xml:space="preserve">
        <code><![CDATA[
if (!isset($_SESSION['id'])) {
    header('location:index.php');
}]]></code>
    </codetemplate>
    <codetemplate abbreviation="postupdate" xml:space="preserve">
        <code><![CDATA[include 'santo/selectupdatepost.php';]]></code>
    </codetemplate>
    <codetemplate abbreviation="script" xml:space="preserve">
        <code><![CDATA[echo '<script> alert("hi"); </script>';]]></code>
    </codetemplate>
    <codetemplate abbreviation="header" xml:space="preserve">
        <code><![CDATA[header('Location: http://www.example.com/');]]></code>
    </codetemplate>
    <codetemplate abbreviation="getpostnames" xml:space="preserve">
        <code><![CDATA[include 'santo/getpostnames.php';]]></code>
    </codetemplate>
    <codetemplate abbreviation="ondelete" xml:space="preserve">
        <code><![CDATA[onclick="return confirm('."'Are you sure you want delete'".');"]]></code>
    </codetemplate>
    <codetemplate abbreviation="option" xml:space="preserve">
        <code><![CDATA[<option value="${cursor}">${cursor}</option>]]></code>
    </codetemplate>
    <codetemplate abbreviation="img" xml:space="preserve">
        <code><![CDATA[<img src="${cursor}" alt="" height="42" width="42">]]></code>
    </codetemplate>
    <codetemplate abbreviation="hidden" xml:space="preserve">
        <code><![CDATA[<input type="hidden" name="" id="" value="">]]></code>
    </codetemplate>
    <codetemplate abbreviation="session" xml:space="preserve">
        <code><![CDATA[$_SESSION['${cursor}']]]></code>
    </codetemplate>
    <codetemplate abbreviation="foreach" xml:space="preserve">
        <code><![CDATA[foreach($rows as $row)
{
}]]></code>
    </codetemplate>
    <codetemplate abbreviation="sf" xml:space="preserve">
        <code><![CDATA[$rows=  sqlfetch($query);
 if($rows!="") 
      {
      }
      ]]></code>
    </codetemplate>
    <codetemplate abbreviation="gcmintegration" xml:space="preserve">
        <code><![CDATA[//------------------------------
// Payload data you want to send 
// to Android device (will be
// accessible via intent extras)
//------------------------------

$data = array( 'message' => 'Hello World!' );

//------------------------------
// The recipient registration IDs
// that will receive the push
// (Should be stored in your DB)
// 
// Read about it here:
// http://developer.android.com/google/gcm/
//------------------------------

$ids = array( 'abc', 'def' );

//------------------------------
// Call our custom GCM function
//------------------------------

sendGoogleCloudMessage(  $data, $ids );

//------------------------------
// Define custom GCM function
//------------------------------

function sendGoogleCloudMessage( $data, $ids )
{
    //------------------------------
    // Replace with real GCM API 
    // key from Google APIs Console
    // 
    // https://code.google.com/apis/console/
    //------------------------------

    $apiKey = 'abc';

    //------------------------------
    // Define URL to GCM endpoint
    //------------------------------

    $url = 'https://android.googleapis.com/gcm/send';

    //------------------------------
    // Set GCM post variables
    // (Device IDs and push payload)
    //------------------------------

    $post = array(
                    'registration_ids'  => $ids,
                    'data'              => $data,
                    );

    //------------------------------
    // Set CURL request headers
    // (Authentication and type)
    //------------------------------

    $headers = array( 
                        'Authorization: key=' . $apiKey,
                        'Content-Type: application/json'
                    );

    //------------------------------
    // Initialize curl handle
    //------------------------------

    $ch = curl_init();

    //------------------------------
    // Set URL to GCM endpoint
    //------------------------------

    curl_setopt( $ch, CURLOPT_URL, $url );

    //------------------------------
    // Set request method to POST
    //------------------------------

    curl_setopt( $ch, CURLOPT_POST, true );

    //------------------------------
    // Set our custom headers
    //------------------------------

    curl_setopt( $ch, CURLOPT_HTTPHEADER, $headers );

    //------------------------------
    // Get the response back as 
    // string instead of printing it
    //------------------------------

    curl_setopt( $ch, CURLOPT_RETURNTRANSFER, true );

    //------------------------------
    // Set post data as JSON
    //------------------------------

    curl_setopt( $ch, CURLOPT_POSTFIELDS, json_encode( $post ) );

    //------------------------------
    // Actually send the push!
    //------------------------------

    $result = curl_exec( $ch );

    //------------------------------
    // Error? Display it!
    //------------------------------

    if ( curl_errno( $ch ) )
    {
        echo 'GCM error: ' . curl_error( $ch );
    }

    //------------------------------
    // Close curl handle
    //------------------------------

    curl_close( $ch );

    //------------------------------
    // Debug GCM response
    //------------------------------

    echo $result;
}
//If you receive an "Unavailable" error code when you try to send a GCM, generate a Browser API key from the Google APIs Console, and use it instead of the server key.]]></code>
    </codetemplate>
    <codetemplate abbreviation="get" xml:space="preserve">
        <code><![CDATA[$_GET['${cursor}']]]></code>
    </codetemplate>
    <codetemplate abbreviation="checkbox" xml:space="preserve">
        <code><![CDATA[<input type="checkbox" name="${first}" value="${second}">${third}<br>]]></code>
    </codetemplate>
    <codetemplate abbreviation="row" xml:space="preserve">
        <code><![CDATA[$row['${cursor}']]]></code>
    </codetemplate>
    <codetemplate abbreviation="floor" xml:space="preserve">
        <code><![CDATA[if(floor($total) < $total)
            $flag="${cursor}";]]></code>
    </codetemplate>
    <codetemplate abbreviation="sq" xml:space="preserve">
        <code><![CDATA[$query="select * from `${cursor}` where ";
      ]]></code>
    </codetemplate>
    <codetemplate abbreviation="table" xml:space="preserve">
        <code><![CDATA[<table>]]></code>
    </codetemplate>
    <codetemplate abbreviation="getfile" xml:space="preserve">
        <code><![CDATA[include 'santo/getfilepost.php';]]></code>
    </codetemplate>
    <codetemplate abbreviation="inc" xml:space="preserve">
        <code><![CDATA[include '${first}.php';]]></code>
    </codetemplate>
    <codetemplate abbreviation="calendar" xml:space="preserve">
        <code><![CDATA[
<?php
$jd=gregoriantojd(1,13,1998);
//echo jdmonthname($jd,0);




$i=1;
$j=1;
$dd=date('d');
$mm=date('m');
$yy=date('Y');

if(isset($_GET['m']))
$mm=$_GET['m'];

if(isset($_GET['y']))
$yy=$_GET['y'];


$pm=$mm-1;
if($pm==0)
$pm=12;
$py=$yy;
if($pm==12)
$py=$yy-1;

$nm=$mm+1;
if($nm==13)
$nm=1;
$ny=$yy;
if($nm==1)
$ny=$yy+1;





$jd=gregoriantojd($mm,1,$yy);
if( jddayofweek ($jd,1)=='Saturday')
{
$start=7;
}
else if( jddayofweek ($jd,1)=='Sunday')
{
$start=1;
}
else if( jddayofweek ($jd,1)=='Monday')
{
$start=2;
}
else if( jddayofweek ($jd,1)=='Tuesday')
{
$start=3;
}
else if( jddayofweek ($jd,1)=='Wednesday')
{
$start=4;
}
else if( jddayofweek ($jd,1)=='Thursday')
{
$start=5;
}
else if( jddayofweek ($jd,1)=='Friday')
{
$start=6;
}






 $d=cal_days_in_month(CAL_GREGORIAN,$mm,$yy);
//echo "There was $d days in October 2005";
?>

<div class="text-center">
<div style="font-size:30px;">Calendar</div><a href="calendar.php?m=<?php echo $pm?>&y=<?php echo $py?>" ><span class="glyphicon glyphicon-chevron-left"></span></a> &nbsp;&nbsp;
<span><?php $jd=gregoriantojd($mm,$dd,$yy);
echo jdmonthname($jd,0);?></span>&nbsp;&nbsp;
<span><?php echo $yy?></span>&nbsp;&nbsp;
<a href="calendar.php?m=<?php echo $nm?>&y=<?php echo $ny?>" ><span class="glyphicon glyphicon-chevron-right"></span></a>
</div>

   
 
  
  <br>
<table class="table table-bordered table-responsive table-hover">
  <tr class="cal_width">
    <th>Sunday</th>
    <th>Monday</th>
    <th>Tuesday</th>
    <th>Wednesday</th>
    <th>Thursday</th>
    <th>Friday</th>
    <th>Saturday</th>
  </tr>
  
   <tr class="cal_style">
 <?php while($i<$start)
{ echo'<td>&nbsp;</td>';
 $i++;
}
?>
    <?php while($j<=$d)
	{
   ?><td ><div class="col-sm-7" onClick="cal_add('this.id');" style="font-size:20px;"><?php echo $j; ?> </div>  
   <div class="eventscal col-md-12">
   <span id="1" style="color:red" onClick="cal_view('this.id');">haihigh..</span><br>
    <span id="1" style="color:blue" onClick="cal_view('this.id');">haid fgf..</span><br>
	 <span id="1" style="color:green" onClick="cal_view('this.id');">hai..</span><br>
	 
	</div> 
   
  
   </td><?php 
   if(($i%7)==0) 
    echo'</tr><tr class="cal_style">';
	$i++;
	$j++;
   }
 ?>
  <?php
  
   $k=$start+$d-1;
 
  if(($k%7)!=0)
  { $b=7-($k%7);
  
  while($b>0)
{ echo'<td></td>';
 $b--;
}
  }
?>
 
 </tr>
</table>




					]]></code>
    </codetemplate>
    <codetemplate abbreviation="arrayloop" xml:space="preserve">
        <code><![CDATA[$arrlength = count(${cursor});

for($x = 0; $x < $arrlength; $x++) {
    echo $cars[$x];
    echo "<br>";
}
]]></code>
    </codetemplate>
    <codetemplate abbreviation="setcookie" xml:space="preserve">
        <code><![CDATA[setcookie($cookie_name, $cookie_value, time() + (86400 * 30), "/");]]></code>
    </codetemplate>
    <codetemplate abbreviation="strreplace" xml:space="preserve">
        <code><![CDATA[str_replace("${change}","${with}",${string});]]></code>
    </codetemplate>
    <codetemplate abbreviation="editselect" xml:space="preserve">
        <code><![CDATA[
                            $query = "select * from `${first}`";
                            $rows = sqlfetch($query);
                            if ($rows != "") 
      {
                                foreach ($rows as $row) {
                                     $sel="";
                                 if($subarea==$row['id'])
                                   $sel="selected";
                                    echo '<option value = "'.$row['id'].'" '.$sel.'>'.$row['subarea'].'</option>';     
                                }                             }
                            
                            
]]></code>
    </codetemplate>
    <codetemplate abbreviation="getpost" xml:space="preserve">
        <code><![CDATA[include 'santo/getpost.php';]]></code>
    </codetemplate>
    <codetemplate abbreviation="sqdel" xml:space="preserve">
        <code><![CDATA[$query= "delete from ${cursor} where id= ";]]></code>
    </codetemplate>
    <codetemplate abbreviation="unixtoday" xml:space="preserve">
        <code><![CDATA[gmdate("Y-m-d\TH:i:s\Z", $processing_to_time);]]></code>
    </codetemplate>
    <codetemplate abbreviation="datetounix" xml:space="preserve">
        <code><![CDATA[strtotime($processing_from_day);]]></code>
    </codetemplate>
    <codetemplate abbreviation="round" xml:space="preserve">
        <code><![CDATA[number_format((float)$number, 2, '.', '');]]></code>
    </codetemplate>
    <codetemplate abbreviation="toarray" xml:space="preserve">
        <code><![CDATA[include 'santo/toarray.php';]]></code>
    </codetemplate>
    <codetemplate abbreviation="modallink" xml:space="preserve">
        <code><![CDATA[data-toggle="modal" data-target="#myModal"]]></code>
    </codetemplate>
    <codetemplate abbreviation="mailattachment" xml:space="preserve">
        <code><![CDATA[$filename="";
$mailto="";
$from_mail="";
$from_name="";
$replyto="";
$subject="";
$message="";
mail_attachment($filename, $mailto, $from_mail, $from_name, $replyto,$subject, $message)]]></code>
    </codetemplate>
    <codetemplate abbreviation="saveimage" xml:space="preserve">
        <code><![CDATA[$im=imagecreatefromstring($data);
imagepng($im, "/path/where/you/want/save/the/png.png");]]></code>
    </codetemplate>
    <codetemplate abbreviation="fun" xml:space="preserve">
        <code><![CDATA[include 'santo/functions.php';]]></code>
    </codetemplate>
    <codetemplate abbreviation="tr" xml:space="preserve">
        <code><![CDATA[<tr><td>${first}</td><td>${second}</td><td>${third}</td><td>${fourth}</td></tr>]]></code>
    </codetemplate>
    <codetemplate abbreviation="span" xml:space="preserve">
        <code><![CDATA[<span> ]]></code>
    </codetemplate>
    <codetemplate abbreviation="pr" remove="true"/>
    <codetemplate abbreviation="swi" remove="true"/>
    <codetemplate abbreviation="my_fo" remove="true"/>
    <codetemplate abbreviation="my_fr" remove="true"/>
    <codetemplate abbreviation="do" remove="true"/>
    <codetemplate abbreviation="fore" remove="true"/>
    <codetemplate abbreviation="while" remove="true"/>
    <codetemplate abbreviation="eco" remove="true"/>
    <codetemplate abbreviation="my_fa" remove="true"/>
    <codetemplate abbreviation="fnc" remove="true"/>
    <codetemplate abbreviation="if" remove="true"/>
    <codetemplate abbreviation="pfnc" remove="true"/>
    <codetemplate abbreviation="pclon" remove="true"/>
    <codetemplate abbreviation="ifnc" remove="true"/>
    <codetemplate abbreviation="cln" remove="true"/>
    <codetemplate abbreviation="pcon" remove="true"/>
    <codetemplate abbreviation="iter" remove="true"/>
    <codetemplate abbreviation="cls" remove="true"/>
    <codetemplate abbreviation="elif" remove="true"/>
    <codetemplate abbreviation="els" remove="true"/>
    <codetemplate abbreviation="prln" remove="true"/>
    <codetemplate abbreviation="prs" remove="true"/>
    <codetemplate abbreviation="iface" remove="true"/>
    <codetemplate abbreviation="pvfnc" remove="true"/>
    <codetemplate abbreviation="fcom" remove="true"/>
    <codetemplate abbreviation="prv" remove="true"/>
    <codetemplate abbreviation="vdoc" remove="true"/>
    <codetemplate abbreviation="trt" remove="true"/>
    <codetemplate abbreviation="inst" remove="true"/>
    <codetemplate abbreviation="ptfnc" remove="true"/>
    <codetemplate abbreviation="my_gc" remove="true"/>
    <codetemplate abbreviation="tryf" remove="true"/>
    <codetemplate abbreviation="forek" remove="true"/>
    <codetemplate abbreviation="tryc" remove="true"/>
    <codetemplate abbreviation="itdir" remove="true"/>
    <codetemplate abbreviation="thr" remove="true"/>
</codetemplates>
