<?xml version="1.0" encoding="UTF-8"?>
<!DOCTYPE codetemplates PUBLIC "-//NetBeans//DTD Editor Code Templates settings 1.0//EN" "http://www.netbeans.org/dtds/EditorCodeTemplates-1_0.dtd">
<codetemplates>
    <codetemplate abbreviation="setcookie" xml:space="preserve">
        <code><![CDATA[function setCookie(cname, cvalue, exdays) {
    var d = new Date();
    d.setTime(d.getTime() + (exdays*24*60*60*1000));
    var expires = "expires="+d.toUTCString();
    document.cookie = cname + "=" + cvalue + "; " + expires;
}]]></code>
    </codetemplate>
    <codetemplate abbreviation="ajax" xml:space="preserve">
        <code><![CDATA[var dataString = {'note_id':str};
	$.ajax({
			type: "POST",
			url: "shownote.php",
			data:dataString,
			cache: false,
			beforeSend: function() 
			{
				
			},
			success: function(response) 
			{
			
			document.getElementById("note").value=response;
			}
		   });]]></code>
    </codetemplate>
    <codetemplate abbreviation="checkcookie" xml:space="preserve">
        <code><![CDATA[function checkCookie() {
    var username=getCookie("username");
    if (username!="") {
      reset();
    }
    else{
        setCookie("username", "username",1);
        
    }
}]]></code>
    </codetemplate>
    <codetemplate abbreviation="getcookie" xml:space="preserve">
        <code><![CDATA[function getCookie(cname) {
    var name = cname + "=";
    var ca = document.cookie.split(';');
    for(var i=0; i<ca.length; i++) {
        var c = ca[i];
        while (c.charAt(0)==' ') c = c.substring(1);
        if (c.indexOf(name) == 0) return c.substring(name.length,c.length);
    }
    return "";
}]]></code>
    </codetemplate>
</codetemplates>
